date,team,opponent,batting_avg,slugging_pct,runs_per_game,opponent_era,runs_scored
2025-09-30,Los Angeles Dodgers,Cincinnati Reds,0.253,0.441,5.09,3.86,10
2025-10-01,Los Angeles Dodgers,Cincinnati Reds,0.253,0.441,5.09,3.86,8
2025-10-04,Los Angeles Dodgers,Philadelphia Phillies,0.253,0.441,5.09,3.79,5
2025-10-04,Toronto Blue Jays,New York Yankees,0.265,0.427,4.93,3.91,10
2025-10-05,Toronto Blue Jays,New York Yankees,0.265,0.427,4.93,3.91,13
2025-10-06,Los Angeles Dodgers,Philadelphia Phillies,0.253,0.441,5.09,3.79,4
2025-10-07,Toronto Blue Jays,New York Yankees,0.265,0.427,4.93,3.91,6
2025-10-08,Los Angeles Dodgers,Philadelphia Phillies,0.253,0.441,5.09,3.79,2
2025-10-08,Toronto Blue Jays,New York Yankees,0.265,0.427,4.93,3.91,5
2025-10-09,Los Angeles Dodgers,Philadelphia Phillies,0.253,0.441,5.09,3.79,2
2025-10-12,Toronto Blue Jays,Seattle Mariners,0.265,0.427,4.93,3.87,1
2025-10-13,Los Angeles Dodgers,Milwaukee Brewers,0.253,0.441,5.09,3.58,2
2025-10-13,Toronto Blue Jays,Seattle Mariners,0.265,0.427,4.93,3.87,3
2025-10-14,Los Angeles Dodgers,Milwaukee Brewers,0.253,0.441,5.09,3.58,5
2025-10-15,Toronto Blue Jays,Seattle Mariners,0.265,0.427,4.93,3.87,13
2025-10-16,Los Angeles Dodgers,Milwaukee Brewers,0.253,0.441,5.09,3.58,3
2025-10-16,Toronto Blue Jays,Seattle Mariners,0.265,0.427,4.93,3.87,8
2025-10-17,Los Angeles Dodgers,Milwaukee Brewers,0.253,0.441,5.09,3.58,5
2025-10-17,Toronto Blue Jays,Seattle Mariners,0.265,0.427,4.93,3.87,2
2025-10-19,Toronto Blue Jays,Seattle Mariners,0.265,0.427,4.93,3.87,6
2025-10-20,Toronto Blue Jays,Seattle Mariners,0.265,0.427,4.93,3.87,4
2025-10-24,Los Angeles Dodgers,Toronto Blue Jays,0.253,0.441,5.09,4.19,4
2025-10-24,Toronto Blue Jays,Los Angeles Dodgers,0.265,0.427,4.93,3.95,11
2025-10-25,Los Angeles Dodgers,Toronto Blue Jays,0.253,0.441,5.09,4.19,5
2025-10-25,Toronto Blue Jays,Los Angeles Dodgers,0.265,0.427,4.93,3.95,1
2025-10-27,Los Angeles Dodgers,Toronto Blue Jays,0.253,0.441,5.09,4.19,6
2025-10-27,Toronto Blue Jays,Los Angeles Dodgers,0.265,0.427,4.93,3.95,5
2025-10-28,Los Angeles Dodgers,Toronto Blue Jays,0.253,0.441,5.09,4.19,2
2025-10-28,Toronto Blue Jays,Los Angeles Dodgers,0.265,0.427,4.93,3.95,6
2025-10-29,Los Angeles Dodgers,Toronto Blue Jays,0.253,0.441,5.09,4.19,1
2025-10-29,Toronto Blue Jays,Los Angeles Dodgers,0.265,0.427,4.93,3.95,6
2025-10-31,Los Angeles Dodgers,Toronto Blue Jays,0.253,0.441,5.09,4.19,3
2025-10-31,Toronto Blue Jays,Los Angeles Dodgers,0.265,0.427,4.93,3.95,1
2025-11-01,Los Angeles Dodgers,Toronto Blue Jays,0.253,0.441,5.09,4.19,5
2025-11-01,Toronto Blue Jays,Los Angeles Dodgers,0.265,0.427,4.93,3.95,4
